{
 "<S>": {
  "OTHER": 0.514831,
  "CONJ": 0.332627,
  "DEF": 0.080508,
  "PERSON": 0.019068,
  "PREP": 0.012712,
  "LOC": 0.004237,
  "DCLUE": 0.006356,
  "LCLUE": 0.010593,
  "OCLUE": 0.016949,
  "PCLUE": 0.002119
 },
 "OTHER": {
  "OTHER": 0.507558,
  "PERSON": 0.034087,
  "DEF": 0.188783,
  "PREP": 0.127176,
  "<E>": 0.034087,
  "NPREFIX": 0.033149,
  "CONJ": 0.035026,
  "PCLUE": 0.007714,
  "LOC": 0.010841,
  "DCLUE": 0.004587,
  "ORG": 0.001042,
  "OCLUE": 0.005629,
  "DATE": 0.007505,
  "PP": 0.000313,
  "RE": 0.000313,
  "LCLUE": 0.001981,
  "PUNC": 0.000208
 },
 "PERSON": {
  "PERSON": 0.318882,
  "NPREFIX": 0.050096,
  "PREP": 0.092486,
  "OTHER": 0.315029,
  "DEF": 0.121387,
  "CONJ": 0.043353,
  "<E>": 0.038536,
  "PCLUE": 0.009634,
  "DCLUE": 0.006744,
  "LOC": 0.003854
 },
 "NPREFIX": {
  "OTHER": 0.703448,
  "PERSON": 0.052874,
  "PCLUE": 0.052874,
  "ORG": 0.036782,
  "LOC": 0.075862,
  "LCLUE": 0.048276,
  "OCLUE": 0.029885
 },
 "DEF": {
  "OTHER": 0.691225,
  "PERSON": 0.081451,
  "PCLUE": 0.04776,
  "LOC": 0.082562,
  "DATE": 0.006664,
  "OCLUE": 0.029248,
  "ORG": 0.042207,
  "DCLUE": 0.010367,
  "LCLUE": 0.007775,
  "<E>": 0.00074
 },
 "PREP": {
  "OTHER": 0.6671,
  "PERSON": 0.016255,
  "DEF": 0.209363,
  "LOC": 0.039012,
  "OCLUE": 0.016905,
  "DCLUE": 0.005852,
  "LCLUE": 0.010403,
  "DATE": 0.009753,
  "PCLUE": 0.020806,
  "PREP": 0.001951,
  "CONJ": 0.002601
 },
 "<E>": {
  "<S>": 1.0
 },
 "CONJ": {
  "OTHER": 0.809375,
  "PREP": 0.0625,
  "PERSON": 0.04375,
  "DEF": 0.010937,
  "LOC": 0.048438,
  "ORG": 0.003125,
  "LCLUE": 0.010937,
  "NPREFIX": 0.004687,
  "DCLUE": 0.001563,
  "<E>": 0.001563,
  "OCLUE": 0.003125
 },
 "PCLUE": {
  "OTHER": 0.167857,
  "DEF": 0.410714,
  "PERSON": 0.239286,
  "CONJ": 0.05,
  "OCLUE": 0.017857,
  "PREP": 0.042857,
  "<E>": 0.028571,
  "PCLUE": 0.025,
  "DCLUE": 0.003571,
  "NPREFIX": 0.003571,
  "LCLUE": 0.003571,
  "LOC": 0.007143
 },
 "LOC": {
  "DEF": 0.15343,
  "CONJ": 0.095668,
  "OTHER": 0.314079,
  "<E>": 0.088448,
  "PREP": 0.111913,
  "NPREFIX": 0.048736,
  "DATE": 0.027076,
  "LOC": 0.140794,
  "DCLUE": 0.012635,
  "LCLUE": 0.00722
 },
 "DCLUE": {
  "DEF": 0.264151,
  "DATE": 0.358491,
  "OTHER": 0.179245,
  "PREP": 0.141509,
  "OCLUE": 0.009434,
  "CONJ": 0.028302,
  "PCLUE": 0.018868
 },
 "DATE": {
  "OTHER": 0.364407,
  "DEF": 0.04661,
  "PREP": 0.127119,
  "DATE": 0.330508,
  "<E>": 0.09322,
  "NPREFIX": 0.012712,
  "CONJ": 0.025424
 },
 "ORG": {
  "ORG": 0.066667,
  "NPREFIX": 0.123077,
  "PREP": 0.174359,
  "DCLUE": 0.025641,
  "OTHER": 0.246154,
  "DEF": 0.225641,
  "PERSON": 0.015385,
  "CONJ": 0.05641,
  "<E>": 0.046154,
  "LOC": 0.010256,
  "PCLUE": 0.005128,
  "LCLUE": 0.005128
 },
 "OCLUE": {
  "ORG": 0.210526,
  "PREP": 0.057895,
  "<E>": 0.036842,
  "DEF": 0.410526,
  "OTHER": 0.221053,
  "DCLUE": 0.005263,
  "CONJ": 0.026316,
  "PERSON": 0.010526,
  "NPREFIX": 0.005263,
  "OCLUE": 0.010526,
  "LCLUE": 0.005263
 },
 "LCLUE": {
  "DEF": 0.336735,
  "OTHER": 0.214286,
  "<E>": 0.040816,
  "PREP": 0.081633,
  "LOC": 0.153061,
  "CONJ": 0.030612,
  "LCLUE": 0.020408,
  "PERSON": 0.030612,
  "PCLUE": 0.010204,
  "PUNC": 0.020408,
  "NPREFIX": 0.061224
 },
 "PP": {
  "DEF": 1.0
 },
 "RE": {
  "<E>": 1.0
 },
 "PUNC": {
  "CONJ": 0.75,
  "PREP": 0.25
 }
}