{"<E>": {"<S>": 1.0, "default_factory": {"py/type": "builtins.float"}, "py/object": "collections.defaultdict"}, "<S>": {"CONJ": 0.332627, "DCLUE": 0.006356, "DEF": 0.080508, "LCLUE": 0.010593, "LOC": 0.004237, "OCLUE": 0.016949, "OTHER": 0.514831, "PCLUE": 0.002119, "PERSON": 0.019068, "PREP": 0.012712, "default_factory": {"py/type": "builtins.float"}, "py/object": "collections.defaultdict"}, "CONJ": {"<E>": 0.001563, "DCLUE": 0.001563, "DEF": 0.010937, "LCLUE": 0.010937, "LOC": 0.048438, "NPREFIX": 0.004687, "OCLUE": 0.003125, "ORG": 0.003125, "OTHER": 0.809375, "PERSON": 0.04375, "PREP": 0.0625, "default_factory": {"py/type": "builtins.float"}, "py/object": "collections.defaultdict"}, "DATE": {"<E>": 0.095652, "CONJ": 0.026087, "DATE": 0.313043, "DEF": 0.047826, "NPREFIX": 0.013043, "OTHER": 0.36087, "PREP": 0.130435, "default_factory": {"py/type": "builtins.float"}, "py/object": "collections.defaultdict", "\u200fDATE": 0.013043}, "DCLUE": {"CONJ": 0.028302, "DATE": 0.358491, "DEF": 0.264151, "OCLUE": 0.009434, "OTHER": 0.179245, "PCLUE": 0.018868, "PREP": 0.141509, "default_factory": {"py/type": "builtins.float"}, "py/object": "collections.defaultdict"}, "DEF": {"<E>": 0.00074, "DATE": 0.006664, "DCLUE": 0.010367, "LCLUE": 0.007775, "LOC": 0.082562, "OCLUE": 0.029248, "ORG": 0.042207, "OTHER": 0.691225, "PCLUE": 0.04776, "PERSON": 0.081451, "default_factory": {"py/type": "builtins.float"}, "py/object": "collections.defaultdict"}, "LCLUE": {"<E>": 0.040816, "CONJ": 0.030612, "DEF": 0.336735, "LCLUE": 0.020408, "LOC": 0.153061, "NPREFIX": 0.061224, "OTHER": 0.214286, "PCLUE": 0.010204, "PERSON": 0.030612, "PREP": 0.081633, "PUNC": 0.020408, "default_factory": {"py/type": "builtins.float"}, "py/object": "collections.defaultdict"}, "LOC": {"<E>": 0.088448, "CONJ": 0.095668, "DATE": 0.027076, "DCLUE": 0.012635, "DEF": 0.15343, "LCLUE": 0.00722, "LOC": 0.140794, "NPREFIX": 0.048736, "OTHER": 0.314079, "PREP": 0.110108, "default_factory": {"py/type": "builtins.float"}, "py/object": "collections.defaultdict", "\u0645\u0646PREP": 0.001805}, "NPREFIX": {"LCLUE": 0.048276, "LOC": 0.075862, "OCLUE": 0.029885, "ORG": 0.036782, "OTHER": 0.703448, "PCLUE": 0.052874, "PERSON": 0.052874, "default_factory": {"py/type": "builtins.float"}, "py/object": "collections.defaultdict"}, "OCLUE": {"<E>": 0.036842, "CONJ": 0.026316, "DCLUE": 0.005263, "DEF": 0.410526, "LCLUE": 0.005263, "NPREFIX": 0.005263, "OCLUE": 0.010526, "ORG": 0.210526, "OTHER": 0.221053, "PERSON": 0.010526, "PREP": 0.052632, "default_factory": {"py/type": "builtins.float"}, "py/object": "collections.defaultdict", "\u0644PREP": 0.005263}, "OERSON": {"DEF": 1.0, "default_factory": {"py/type": "builtins.float"}, "py/object": "collections.defaultdict"}, "ORG": {"<E>": 0.046154, "CONJ": 0.05641, "DCLUE": 0.025641, "DEF": 0.225641, "LCLUE": 0.005128, "LOC": 0.010256, "NPREFIX": 0.123077, "ORG": 0.066667, "OTHER": 0.246154, "PCLUE": 0.005128, "PERSON": 0.015385, "PREP": 0.174359, "default_factory": {"py/type": "builtins.float"}, "py/object": "collections.defaultdict"}, "OTHER": {"<E>": 0.034109, "CONJ": 0.034735, "DATE": 0.007197, "DCLUE": 0.00459, "DEF": 0.188902, "LCLUE": 0.001982, "LOC": 0.010848, "NPREFIX": 0.03317, "OCLUE": 0.005633, "OERSON": 0.000417, "ORG": 0.001043, "OTHER": 0.507562, "PCLUE": 0.007719, "PERSON": 0.033691, "PP": 0.000313, "PREP": 0.126213, "PUNC": 0.000209, "RE": 0.000313, "default_factory": {"py/type": "builtins.float"}, "py/object": "collections.defaultdict", "\u0644PREP": 0.001043, "\u200fOTHER": 0.000313}, "OTHERDATE": {"DATE": 1.0, "default_factory": {"py/type": "builtins.float"}, "py/object": "collections.defaultdict"}, "PCLUE": {"<E>": 0.028571, "CONJ": 0.05, "DCLUE": 0.003571, "DEF": 0.410714, "LCLUE": 0.003571, "LOC": 0.007143, "NPREFIX": 0.003571, "OCLUE": 0.017857, "OTHER": 0.167857, "PCLUE": 0.025, "PERSON": 0.239286, "PREP": 0.039286, "default_factory": {"py/type": "builtins.float"}, "py/object": "collections.defaultdict", "\u0644PREP": 0.003571}, "PERSON": {"<E>": 0.038685, "CONJ": 0.04352, "DCLUE": 0.00677, "DEF": 0.117988, "LOC": 0.003868, "NPREFIX": 0.05029, "OTHER": 0.316248, "PCLUE": 0.009671, "PERSON": 0.320116, "PREP": 0.089942, "default_factory": {"py/type": "builtins.float"}, "py/object": "collections.defaultdict", "\u0645\u0646PREP": 0.002901}, "PP": {"DEF": 1.0, "default_factory": {"py/type": "builtins.float"}, "py/object": "collections.defaultdict"}, "PREP": {"CONJ": 0.002628, "DATE": 0.009855, "DCLUE": 0.005913, "DEF": 0.211564, "LCLUE": 0.010512, "LOC": 0.039422, "OCLUE": 0.015769, "OTHER": 0.664258, "OTHERDATE": 0.001971, "PCLUE": 0.019711, "PERSON": 0.016426, "PREP": 0.001971, "default_factory": {"py/type": "builtins.float"}, "py/object": "collections.defaultdict"}, "PUNC": {"CONJ": 0.75, "PREP": 0.25, "default_factory": {"py/type": "builtins.float"}, "py/object": "collections.defaultdict"}, "RE": {"<E>": 1.0, "default_factory": {"py/type": "builtins.float"}, "py/object": "collections.defaultdict"}, "default_factory": {"py/type": "builtins.dict"}, "py/object": "collections.defaultdict", "\u0644PREP": {"OCLUE": 0.083333, "OTHER": 0.833333, "PCLUE": 0.083333, "default_factory": {"py/type": "builtins.float"}, "py/object": "collections.defaultdict"}, "\u0645\u0646PREP": {"OCLUE": 0.25, "OTHER": 0.5, "PCLUE": 0.25, "default_factory": {"py/type": "builtins.float"}, "py/object": "collections.defaultdict"}, "\u200fDATE": {"OTHER": 1.0, "default_factory": {"py/type": "builtins.float"}, "py/object": "collections.defaultdict"}, "\u200fOTHER": {"CONJ": 1.0, "default_factory": {"py/type": "builtins.float"}, "py/object": "collections.defaultdict"}}
