{
 "<S>": {
  "OTHER": 0.514831,
  "CONJ": 0.332627,
  "DEF": 0.080508,
  "PERSON": 0.019068,
  "PREP": 0.012712,
  "LOC": 0.004237,
  "DCLUE": 0.006356,
  "LCLUE": 0.010593,
  "OCLUE": 0.016949,
  "PCLUE": 0.002119
 },
 "OTHER": {
  "OTHER": 0.507562,
  "PERSON": 0.033691,
  "DEF": 0.188902,
  "PREP": 0.126213,
  "<E>": 0.034109,
  "NPREFIX": 0.03317,
  "CONJ": 0.034735,
  "PCLUE": 0.007719,
  "·PREP": 0.001043,
  "OERSON": 0.000417,
  "LOC": 0.010848,
  "DCLUE": 0.00459,
  "ORG": 0.001043,
  "OCLUE": 0.005633,
  "DATE": 0.007197,
  "˛OTHER": 0.000313,
  "PP": 0.000313,
  "RE": 0.000313,
  "LCLUE": 0.001982,
  "PUNC": 0.000209
 },
 "PERSON": {
  "PERSON": 0.320116,
  "NPREFIX": 0.05029,
  "PREP": 0.089942,
  "OTHER": 0.316248,
  "DEF": 0.117988,
  "CONJ": 0.04352,
  "<E>": 0.038685,
  "PCLUE": 0.009671,
  "„‰PREP": 0.002901,
  "DCLUE": 0.00677,
  "LOC": 0.003868
 },
 "NPREFIX": {
  "OTHER": 0.703448,
  "PERSON": 0.052874,
  "PCLUE": 0.052874,
  "ORG": 0.036782,
  "LOC": 0.075862,
  "LCLUE": 0.048276,
  "OCLUE": 0.029885
 },
 "DEF": {
  "OTHER": 0.691225,
  "PERSON": 0.081451,
  "PCLUE": 0.04776,
  "LOC": 0.082562,
  "DATE": 0.006664,
  "OCLUE": 0.029248,
  "ORG": 0.042207,
  "DCLUE": 0.010367,
  "LCLUE": 0.007775,
  "<E>": 0.00074
 },
 "PREP": {
  "OTHER": 0.664258,
  "PERSON": 0.016426,
  "DEF": 0.211564,
  "LOC": 0.039422,
  "OCLUE": 0.015769,
  "DCLUE": 0.005913,
  "LCLUE": 0.010512,
  "DATE": 0.009855,
  "PCLUE": 0.019711,
  "OTHERDATE": 0.001971,
  "PREP": 0.001971,
  "CONJ": 0.002628
 },
 "<E>": {
  "<S>": 1.0
 },
 "CONJ": {
  "OTHER": 0.809375,
  "PREP": 0.0625,
  "PERSON": 0.04375,
  "DEF": 0.010937,
  "LOC": 0.048438,
  "ORG": 0.003125,
  "LCLUE": 0.010937,
  "NPREFIX": 0.004687,
  "DCLUE": 0.001563,
  "<E>": 0.001563,
  "OCLUE": 0.003125
 },
 "PCLUE": {
  "OTHER": 0.167857,
  "DEF": 0.410714,
  "PERSON": 0.239286,
  "CONJ": 0.05,
  "OCLUE": 0.017857,
  "PREP": 0.039286,
  "<E>": 0.028571,
  "PCLUE": 0.025,
  "DCLUE": 0.003571,
  "·PREP": 0.003571,
  "NPREFIX": 0.003571,
  "LCLUE": 0.003571,
  "LOC": 0.007143
 },
 "·PREP": {
  "OTHER": 0.833333,
  "OCLUE": 0.083333,
  "PCLUE": 0.083333
 },
 "OERSON": {
  "DEF": 1.0
 },
 "„‰PREP": {
  "OTHER": 0.5,
  "OCLUE": 0.25,
  "PCLUE": 0.25
 },
 "LOC": {
  "DEF": 0.15343,
  "CONJ": 0.095668,
  "OTHER": 0.314079,
  "<E>": 0.088448,
  "PREP": 0.110108,
  "NPREFIX": 0.048736,
  "DATE": 0.027076,
  "LOC": 0.140794,
  "DCLUE": 0.012635,
  "„‰PREP": 0.001805,
  "LCLUE": 0.00722
 },
 "DCLUE": {
  "DEF": 0.264151,
  "DATE": 0.358491,
  "OTHER": 0.179245,
  "PREP": 0.141509,
  "OCLUE": 0.009434,
  "CONJ": 0.028302,
  "PCLUE": 0.018868
 },
 "DATE": {
  "OTHER": 0.36087,
  "DEF": 0.047826,
  "PREP": 0.130435,
  "DATE": 0.313043,
  "<E>": 0.095652,
  "NPREFIX": 0.013043,
  "CONJ": 0.026087,
  "˛DATE": 0.013043
 },
 "ORG": {
  "ORG": 0.066667,
  "NPREFIX": 0.123077,
  "PREP": 0.174359,
  "DCLUE": 0.025641,
  "OTHER": 0.246154,
  "DEF": 0.225641,
  "PERSON": 0.015385,
  "CONJ": 0.05641,
  "<E>": 0.046154,
  "LOC": 0.010256,
  "PCLUE": 0.005128,
  "LCLUE": 0.005128
 },
 "OCLUE": {
  "ORG": 0.210526,
  "PREP": 0.052632,
  "<E>": 0.036842,
  "DEF": 0.410526,
  "OTHER": 0.221053,
  "DCLUE": 0.005263,
  "CONJ": 0.026316,
  "PERSON": 0.010526,
  "·PREP": 0.005263,
  "NPREFIX": 0.005263,
  "OCLUE": 0.010526,
  "LCLUE": 0.005263
 },
 "LCLUE": {
  "DEF": 0.336735,
  "OTHER": 0.214286,
  "<E>": 0.040816,
  "PREP": 0.081633,
  "LOC": 0.153061,
  "CONJ": 0.030612,
  "LCLUE": 0.020408,
  "PERSON": 0.030612,
  "PCLUE": 0.010204,
  "PUNC": 0.020408,
  "NPREFIX": 0.061224
 },
 "OTHERDATE": {
  "DATE": 1.0
 },
 "˛DATE": {
  "OTHER": 1.0
 },
 "˛OTHER": {
  "CONJ": 1.0
 },
 "PP": {
  "DEF": 1.0
 },
 "RE": {
  "<E>": 1.0
 },
 "PUNC": {
  "CONJ": 0.75,
  "PREP": 0.25
 }
}